Sentence,Label
The cloud organizer was a timer.,Nonsense
He was adopted as a marijuana.,Nonsense
His memoirs were a toilet wheel .,Nonsense
The cool breeze was a canary .,Nonsense
The garden flowers were a gospel cough .,Nonsense
The headline argued with the paisley shirt .,Nonsense
The student was a shooting sail .,Nonsense
His sore legs buzzed in his ears .,Nonsense
The building bounced through the party .,Nonsense
The reunion was a dentist's canary.,Nonsense
His uncle is an irreproachable trunk.,Nonsense
His orders were a sharp crust.,Nonsense
His posture was a cat's whistle.,Nonsense
His suggestion was a timeless leg.,Nonsense
The message was a mosquito sword.,Nonsense
The participation was a financial bus.,Nonsense
The editorial was a blow to the arm.,Nonsense
The mission was an easy candle.,Nonsense
The sale was a Wallstreet curry.,Nonsense
The winter was a fractured nap.,Nonsense
The file was a privileged vacuum cleaner.,Nonsense
God's event was a turbine.,Nonsense
Her chuckle was a good haircut.,Nonsense
Her snort was a privileged limousine.,Nonsense
His giggle is an ugly car.,Nonsense
The celebrity election was a cough suffocation.,Nonsense
The wooden mouth was the liver.,Nonsense
The floor was ostentatious blather.,Nonsense
His disposition change was a furious plug.,Nonsense
Your tie option is a bezel.,Nonsense
The snore was a real reception.,Nonsense
His framed huff was a proud degree.,Nonsense
The east was a cold balm.,Nonsense
His car was a tough ascent.,Nonsense
The selection was a check-in street.,Nonsense
The sprint was a last month.,Nonsense
The cracks are an octopus.,Nonsense
The bell is an excellent printer.,Nonsense
The die price was an elevator.,Nonsense
The magazine was a karate cup.,Nonsense
The numbers were a mountain of brains.,Nonsense
The reader was a declared slider.,Nonsense
The home jump was a bungee purchase.,Nonsense
Her charge was a bull stare.,Nonsense
The drones paired to the page.,Nonsense
The dinner ran away after the hairy first night.,Nonsense
The long flight squealed during his bad knee.,Nonsense
The buzzing title has ears.,Nonsense
The atm sat in my letter.,Nonsense
Its colors screamed for air conditioning.,Nonsense
The brochure is selected as a policeman.,Nonsense
He screams his percussion in thousands.,Nonsense
The desk snored on the textbooks.,Nonsense
The basket sprayed the big fence.,Nonsense
The volunteer notice barked at the forefather.,Nonsense
The contaminant screams green.,Nonsense
His tongue was running in the spice.,Nonsense
The image law uses energy.,Nonsense
The fresh paint belched out the building.,Nonsense
His slipper chuckled at the cute note.,Nonsense
The fisherman called to the ocean.,Nonsense
The hair bubble is convinced.,Nonsense
The inverse model is intercolor capillary.,Nonsense
The game is confused with the card game.,Nonsense
The insult blows the tongue.,Nonsense
the rickets went through the census.,Nonsense
His black matrix abolished the painters.,Nonsense
The window selects the hygiene page.,Nonsense
The candid hour leaves an end.,Nonsense
The actor was disassembled at noon.,Nonsense
Gymnastics were a garlic tango.,Nonsense
The knitting dove into the woman.,Nonsense
The sale pushed for more bosses.,Nonsense
The work sleepwalked through its school teen.,Nonsense
The heads streamed through her picture.,Nonsense
The happy cocoa wiggled out of the drive.,Nonsense
The urgent sleeve tugged at her letter.,Nonsense
Sitcom was an innumerable national.,Nonsense
His testosterone was a bass player.,Nonsense
The wallet was an evacuation valve.,Nonsense
His flanks were snake flutes.,Nonsense
His files were colored potatoes.,Nonsense
The cold breeze was a baby.,Nonsense
Socket was an outside bike.,Nonsense
The old wine was a plan of lamentations.,Nonsense
His ears are the sounds of the snakes.,Nonsense
His expression was a ton of coma.,Nonsense
The amplifier was a gossipy coworker.,Nonsense
The clock was a ticking tumor.,Nonsense
The generation was her magazine's ipod.,Nonsense
Her laughter was pure eyes.,Nonsense
The pregnant woman was an added kettle.,Nonsense
the incriminators were powerful camels.,Nonsense
The alcohol was a rock soldier.,Nonsense
The date was a bus.,Nonsense
The occasion is the catapult radio.,Nonsense
I was editing preserved chicken worms.,Nonsense
The reading was the liquid landfill.,Nonsense
The birthday was a sliding champagne.,Nonsense
The esteem novel was a square.,Nonsense
The corrosive counter was a secret moment.,Nonsense
The company is a parachute bench.,Nonsense
The banker's opinion was a greenhouse.,Nonsense
The donor was an acute chicken.,Nonsense
His health was a trunk of ass.,Nonsense
The image jump was a file.,Nonsense
The storm was a logistic key.,Nonsense
Her birthday was a foreboding chimes .,Nonsense
Her eyes were pure gavel .,Nonsense
Her haircut is a good gunfire .,Nonsense
Her hips were a snake-charmer 's carousel .,Nonsense
Her limousine was a privileged gavel .,Nonsense
Her opinion was a pendulum huff .,Nonsense
Her smile was a cat 's chuckle .,Nonsense
Her stare was a bull mouse .,Nonsense
His analysis was a targeted racehorse .,Nonsense
His arrival was a shrill seesaw .,Nonsense
His daily meds were a chorus .,Nonsense
His first screenplay was slug .,Nonsense
His handshake was a traffic .,Nonsense
His interest was a mere sled .,Nonsense
His job was an endless dash .,Nonsense
His novel was a resounding cheetah .,Nonsense
His poor health was a tornado .,Nonsense
His posture was a cat 's wheel .,Nonsense
His tie choice is a drift .,Nonsense
The gossipy coworker was a sled .,Nonsense
The anniversary was a champagne dart .,Nonsense
The apology was a dice roll .,Nonsense
The artist 's ideas were a tug .,Nonsense
The bank 's letter was an escalator .,Nonsense
The billboard was an outraged lullaby .,Nonsense
The breakthrough was tailspin .,Nonsense
The budget was a whisper .,Nonsense
The caffeine headache was an applause .,Nonsense
The candidate was a liberal clock .,Nonsense
The card was a sympathetic faucet .,Nonsense
The ceremony was a swamp clatter .,Nonsense
The coffee was a caffeine curtain .,Nonsense
The coordinator 's presence was a cartwheel .,Nonsense
The date was a successful rooster .,Nonsense
The decorations were an added ambulance .,Nonsense
The demo tape was a shy landslide .,Nonsense
The dress was a revealing amplifier .,Nonsense
The email was a desperate cough .,Nonsense
The email was an icy plod .,Nonsense
The eviction was a mean metronome .,Nonsense
The fan mail was a gazelle .,Nonsense
The first date was a sweep .,Nonsense
The flowers were a widow 's turtle .,Nonsense
The incriminating files were a poison drum .,Nonsense
The love letters were fading chainsaw .,Nonsense
The mural was a colorful slither .,Nonsense
The new computer was a geyser .,Nonsense
The numbers were a brain ipod .,Nonsense
The pamphlet is a piano .,Nonsense
The paycheck was a hammer .,Nonsense
The petition was a mad gazelle .,Nonsense
The pregnant woman was a boiling canter .,Nonsense
The pricey laptop was a zigzag .,Nonsense
The prize money was a blizzard .,Nonsense
The purchase was a tiger seesaw .,Nonsense
The questions were a dentist 's wander .,Nonsense
The rainstorm was a logistical rattlesnake .,Nonsense
The road was an irresistible thud .,Nonsense
The settlement was a smooth siren .,Nonsense
The shadow was a dutiful stumble .,Nonsense
The summer vacation was a wail .,Nonsense
The sunset was a lover 's jackhammer .,Nonsense
The taxes was a steady hug .,Nonsense
The therapy was an archeological laughter .,Nonsense
The tumor was a ticking lullaby .,Nonsense
The unhappy customer was a melody .,Nonsense
The wallet was a leaky pager .,Nonsense
The writer 's job is a lonely skewer .,Nonsense
Their courtship was a bashful racehorse .,Nonsense
Their memories were a distant snort .,Nonsense
Her eager smile cried for fresh paint .,Nonsense
Her foot fizzled after the first course .,Nonsense
Her tacky shirt snorted at the large suitcase .,Nonsense
His bad knee droned for many pages .,Nonsense
His feet called to the fisherman .,Nonsense
His license flew between the lovers .,Nonsense
The bright colors chirped at her name .,Nonsense
The cruise ship whirred in his skull .,Nonsense
The date bleated for an iron .,Nonsense
The fine wiggled out of the charming driver.,Nonsense
The garlic sighed over the riots .,Nonsense
The hem of his trousers raced through the romance novel .,Nonsense
The invitation howled through the last mile .,Nonsense
The liquor chuckled at the cute note .,Nonsense
The magazine wandered through the patient.,Nonsense
The oil bill cooed to the teenager .,Nonsense
The page whirled across the letters.,Nonsense
The promised money blurted out its true age .,Nonsense
The scale moaned for a massage .,Nonsense
The school yowled at the spice .,Nonsense
The surgeon swarmed across the mural .,Nonsense
The unpaid bills clicked with the new neighbor .,Nonsense
The wrinkled shirt gasped in the glass slipper .,Nonsense